"","state","county","tract","ct_id","town","town_id"
"1","25","001","010100","25001010100","PROVINCETOWN",242
"2","25","001","010400","25001010400","ORLEANS",224
"3","25","001","014800","25001014800","FALMOUTH",96
"4","25","023","511302","25023511302","BROCKTON",44
"5","25","001","010200","25001010200","TRURO",300
"6","25","001","012900","25001012900","BARNSTABLE",20
"7","25","001","010300","25001010300","EASTHAM",86
"8","25","001","013800","25001013800","BOURNE",36
"9","25","003","900100","25003900100","PITTSFIELD",236
"10","25","001","010500","25001010500","ORLEANS",224
"11","25","003","900300","25003900300","PITTSFIELD",236
"12","25","001","010700","25001010700","HARWICH",126
"13","25","001","011300","25001011300","DENNIS",75
"14","25","001","012200","25001012200","BARNSTABLE",20
"15","25","001","012300","25001012300","BARNSTABLE",20
"16","25","003","900700","25003900700","PITTSFIELD",236
"17","25","001","014000","25001014000","BOURNE",36
"18","25","003","901100","25003901100","PITTSFIELD",236
"19","25","005","650800","25005650800","NEW BEDFORD",201
"20","25","003","912100","25003912100","DALTON",70
"21","25","003","921100","25003921100","NORTH ADAMS",209
"22","25","003","921500","25003921500","NORTH ADAMS",209
"23","25","003","926100","25003926100","SHEFFIELD",267
"24","25","003","933300","25003933300","NEW MARLBOROUGH",203
"25","25","005","600100","25005600100","EASTON",88
"26","25","005","612100","25005612100","RAYNHAM",245
"27","25","001","012400","25001012400","BARNSTABLE",20
"28","25","009","251100","25009251100","LAWRENCE",149
"29","25","001","010600","25001010600","CHATHAM",55
"30","25","001","010800","25001010800","BREWSTER",41
"31","25","005","651001","25005651001","NEW BEDFORD",201
"32","25","001","010900","25001010900","BREWSTER",41
"33","25","001","011000","25001011000","HARWICH",126
"34","25","001","011100","25001011100","HARWICH",126
"35","25","001","011200","25001011200","HARWICH",126
"36","25","001","011400","25001011400","DENNIS",75
"37","25","001","011500","25001011500","DENNIS",75
"38","25","001","011600","25001011600","DENNIS",75
"39","25","001","011700","25001011700","DENNIS",75
"40","25","003","901200","25003901200","PITTSFIELD",236
"41","25","001","011800","25001011800","YARMOUTH",351
"42","25","001","012000","25001012000","YARMOUTH",351
"43","25","001","012100","25001012100","YARMOUTH",351
"44","25","005","651600","25005651600","NEW BEDFORD",201
"45","25","001","012500","25001012500","BARNSTABLE",20
"46","25","001","012600","25001012600","BARNSTABLE",20
"47","25","001","012700","25001012700","BARNSTABLE",20
"48","25","001","012800","25001012800","BARNSTABLE",20
"49","25","003","911100","25003911100","LANESBOROUGH",148
"50","25","005","651002","25005651002","NEW BEDFORD",201
"51","25","001","013000","25001013000","BARNSTABLE",20
"52","25","001","013100","25001013100","BARNSTABLE",20
"53","25","001","013600","25001013600","SANDWICH",261
"54","25","003","921400","25003921400","NORTH ADAMS",209
"55","25","001","013200","25001013200","BARNSTABLE",20
"56","25","001","013300","25001013300","SANDWICH",261
"57","25","001","013400","25001013400","SANDWICH",261
"58","25","001","013500","25001013500","SANDWICH",261
"59","25","001","013700","25001013700","BOURNE",36
"60","25","001","013900","25001013900","BOURNE",36
"61","25","001","014400","25001014400","FALMOUTH",96
"62","25","025","090200","25025090200","BOSTON",35
"63","25","001","014100","25001014100","BOURNE",36
"64","25","001","014300","25001014300","FALMOUTH",96
"65","25","003","900900","25003900900","PITTSFIELD",236
"66","25","003","931100","25003931100","CLARKSBURG",63
"67","25","001","014500","25001014500","FALMOUTH",96
"68","25","001","014600","25001014600","FALMOUTH",96
"69","25","001","014700","25001014700","FALMOUTH",96
"70","25","001","014900","25001014900","FALMOUTH",96
"71","25","001","015000","25001015000","MASHPEE",172
"72","25","001","015100","25001015100","MASHPEE",172
"73","25","003","901000","25003901000","PITTSFIELD",236
"74","25","005","651200","25005651200","NEW BEDFORD",201
"75","25","001","015200","25001015200","MASHPEE",172
"76","25","003","900200","25003900200","PITTSFIELD",236
"77","25","003","900400","25003900400","PITTSFIELD",236
"78","25","003","900500","25003900500","PITTSFIELD",236
"79","25","003","900600","25003900600","PITTSFIELD",236
"80","25","003","900800","25003900800","PITTSFIELD",236
"81","25","003","913100","25003913100","LENOX",152
"82","25","003","914100","25003914100","LEE",150
"83","25","003","920101","25003920101","WILLIAMSTOWN",341
"84","25","003","920102","25003920102","WILLIAMSTOWN",341
"85","25","003","921200","25003921200","NORTH ADAMS",209
"86","25","003","921300","25003921300","NORTH ADAMS",209
"87","25","005","651300","25005651300","NEW BEDFORD",201
"88","25","003","922100","25003922100","ADAMS",4
"89","25","003","922200","25003922200","ADAMS",4
"90","25","003","922300","25003922300","ADAMS",4
"91","25","003","923100","25003923100","CHESHIRE",58
"92","25","003","924100","25003924100","STOCKBRIDGE",283
"93","25","003","925100","25003925100","GREAT BARRINGTON",113
"94","25","003","931300","25003931300","SAVOY",263
"95","25","003","931400","25003931400","WINDSOR",345
"96","25","003","932200","25003932200","BECKET",22
"97","25","003","932300","25003932300","HINSDALE",132
"98","25","003","933200","25003933200","MONTEREY",193
"99","25","005","610100","25005610100","MANSFIELD",167
"100","25","003","933400","25003933400","SANDISFIELD",260
"101","25","003","934200","25003934200","WEST STOCKBRIDGE",326
"102","25","003","934300","25003934300","EGREMONT",90
"103","25","003","935100","25003935100","HANCOCK",121
"104","25","005","600201","25005600201","EASTON",88
"105","25","005","600202","25005600202","EASTON",88
"106","25","005","651500","25005651500","NEW BEDFORD",201
"107","25","005","610201","25005610201","MANSFIELD",167
"108","25","005","610202","25005610202","MANSFIELD",167
"109","25","005","611100","25005611100","NORTON",218
"110","25","005","611200","25005611200","NORTON",218
"111","25","005","613100","25005613100","TAUNTON",293
"112","25","025","091300","25025091300","BOSTON",35
"113","25","005","613600","25005613600","TAUNTON",293
"114","25","005","617101","25005617101","FREETOWN",102
"115","25","005","617102","25005617102","FREETOWN",102
"116","25","005","631300","25005631300","ATTLEBORO",16
"117","25","005","632200","25005632200","SEEKONK",265
"118","25","005","640300","25005640300","FALL RIVER",95
"119","25","005","640600","25005640600","FALL RIVER",95
"120","25","005","640900","25005640900","FALL RIVER",95
"121","25","005","641100","25005641100","FALL RIVER",95
"122","25","005","641400","25005641400","FALL RIVER",95
"123","25","005","641800","25005641800","FALL RIVER",95
"124","25","005","642200","25005642200","FALL RIVER",95
"125","25","017","350400","25017350400","SOMERVILLE",274
"126","25","005","644102","25005644102","SOMERSET",273
"127","25","005","646102","25005646102","WESTPORT",334
"128","25","005","650101","25005650101","NEW BEDFORD",201
"129","25","005","650202","25005650202","NEW BEDFORD",201
"130","25","005","650400","25005650400","NEW BEDFORD",201
"131","25","005","650600","25005650600","NEW BEDFORD",201
"132","25","005","650900","25005650900","NEW BEDFORD",201
"133","25","005","651100","25005651100","NEW BEDFORD",201
"134","25","005","651400","25005651400","NEW BEDFORD",201
"135","25","005","651700","25005651700","NEW BEDFORD",201
"136","25","005","652000","25005652000","NEW BEDFORD",201
"137","25","005","652300","25005652300","NEW BEDFORD",201
"138","25","005","652500","25005652500","NEW BEDFORD",201
"139","25","005","652800","25005652800","NEW BEDFORD",201
"140","25","005","633100","25005633100","REHOBOTH",247
"141","25","005","612200","25005612200","RAYNHAM",245
"142","25","005","613300","25005613300","TAUNTON",293
"143","25","005","613400","25005613400","TAUNTON",293
"144","25","005","613700","25005613700","TAUNTON",293
"145","25","005","613800","25005613800","TAUNTON",293
"146","25","005","613900","25005613900","TAUNTON",293
"147","25","005","614000","25005614000","TAUNTON",293
"148","25","005","614101","25005614101","TAUNTON",293
"149","25","005","633200","25005633200","REHOBOTH",247
"150","25","005","614102","25005614102","TAUNTON",293
"151","25","005","615100","25005615100","DIGHTON",76
"152","25","005","616100","25005616100","BERKLEY",27
"153","25","023","511500","25023511500","BROCKTON",44
"154","25","005","630100","25005630100","NORTH ATTLEBOROUGH",211
"155","25","005","630200","25005630200","NORTH ATTLEBOROUGH",211
"156","25","005","630300","25005630300","NORTH ATTLEBOROUGH",211
"157","25","005","630400","25005630400","NORTH ATTLEBOROUGH",211
"158","25","005","631100","25005631100","ATTLEBORO",16
"159","25","005","632100","25005632100","SEEKONK",265
"160","25","005","631200","25005631200","ATTLEBORO",16
"161","25","005","631400","25005631400","ATTLEBORO",16
"162","25","005","631500","25005631500","ATTLEBORO",16
"163","25","005","631600","25005631600","ATTLEBORO",16
"164","25","005","631700","25005631700","ATTLEBORO",16
"165","25","005","631800","25005631800","ATTLEBORO",16
"166","25","005","640100","25005640100","FALL RIVER",95
"167","25","005","640200","25005640200","FALL RIVER",95
"168","25","005","640400","25005640400","FALL RIVER",95
"169","25","005","640500","25005640500","FALL RIVER",95
"170","25","005","640700","25005640700","FALL RIVER",95
"171","25","005","640800","25005640800","FALL RIVER",95
"172","25","005","641000","25005641000","FALL RIVER",95
"173","25","005","641200","25005641200","FALL RIVER",95
"174","25","005","641300","25005641300","FALL RIVER",95
"175","25","005","641500","25005641500","FALL RIVER",95
"176","25","005","641600","25005641600","FALL RIVER",95
"177","25","005","641700","25005641700","FALL RIVER",95
"178","25","005","641900","25005641900","FALL RIVER",95
"179","25","005","642000","25005642000","FALL RIVER",95
"180","25","005","642100","25005642100","FALL RIVER",95
"181","25","005","642300","25005642300","FALL RIVER",95
"182","25","005","642400","25005642400","FALL RIVER",95
"183","25","005","642500","25005642500","FALL RIVER",95
"184","25","005","644101","25005644101","SOMERSET",273
"185","25","005","644200","25005644200","SOMERSET",273
"186","25","005","645101","25005645101","SWANSEA",292
"187","25","005","645102","25005645102","SWANSEA",292
"188","25","005","645103","25005645103","SWANSEA",292
"189","25","005","646101","25005646101","WESTPORT",334
"190","25","005","650102","25005650102","NEW BEDFORD",201
"191","25","005","650201","25005650201","NEW BEDFORD",201
"192","25","005","650300","25005650300","NEW BEDFORD",201
"193","25","005","650500","25005650500","NEW BEDFORD",201
"194","25","005","650700","25005650700","NEW BEDFORD",201
"195","25","005","651800","25005651800","NEW BEDFORD",201
"196","25","005","651900","25005651900","NEW BEDFORD",201
"197","25","005","652100","25005652100","NEW BEDFORD",201
"198","25","005","652200","25005652200","NEW BEDFORD",201
"199","25","005","652400","25005652400","NEW BEDFORD",201
"200","25","005","652600","25005652600","NEW BEDFORD",201
"201","25","005","652700","25005652700","NEW BEDFORD",201
"202","25","005","653101","25005653101","DARTMOUTH",72
"203","25","005","653102","25005653102","DARTMOUTH",72
"204","25","009","201100","25009201100","NAHANT",196
"205","25","005","653201","25005653201","DARTMOUTH",72
"206","25","005","653202","25005653202","DARTMOUTH",72
"207","25","005","653302","25005653302","DARTMOUTH",72
"208","25","005","654100","25005654100","ACUSHNET",3
"209","25","009","203300","25009203300","MARBLEHEAD",168
"210","25","009","204300","25009204300","SALEM",258
"211","25","009","204702","25009204702","SALEM",258
"212","25","005","655400","25005655400","FAIRHAVEN",94
"213","25","009","205500","25009205500","LYNN",163
"214","25","009","205800","25009205800","LYNN",163
"215","25","007","200300","25007200300","EDGARTOWN",89
"216","25","007","200400","25007200400","CHILMARK",62
"217","25","009","206000","25009206000","LYNN",163
"218","25","009","251400","25009251400","LAWRENCE",149
"219","25","009","206400","25009206400","LYNN",163
"220","25","009","206700","25009206700","LYNN",163
"221","25","009","207100","25009207100","LYNN",163
"222","25","009","208300","25009208300","SAUGUS",262
"223","25","009","210100","25009210100","PEABODY",229
"224","25","009","210600","25009210600","PEABODY",229
"225","25","009","210900","25009210900","PEABODY",229
"226","25","009","216100","25009216100","WENHAM",320
"227","25","009","217201","25009217201","BEVERLY",30
"228","25","009","217202","25009217202","BEVERLY",30
"229","25","009","217400","25009217400","BEVERLY",30
"230","25","009","206500","25009206500","LYNN",163
"231","25","009","221400","25009221400","GLOUCESTER",107
"232","25","009","221900","25009221900","GLOUCESTER",107
"233","25","009","222100","25009222100","ESSEX",92
"234","25","009","223100","25009223100","ESSEX",92
"235","25","009","250100","25009250100","LAWRENCE",149
"236","25","009","250200","25009250200","LAWRENCE",149
"237","25","009","250300","25009250300","LAWRENCE",149
"238","25","009","250400","25009250400","LAWRENCE",149
"239","25","009","250500","25009250500","LAWRENCE",149
"240","25","005","653301","25005653301","NEW BEDFORD",201
"241","25","009","206600","25009206600","LYNN",163
"242","25","005","654200","25005654200","ACUSHNET",3
"243","25","005","655100","25005655100","FAIRHAVEN",94
"244","25","005","655200","25005655200","FAIRHAVEN",94
"245","25","005","655300","25005655300","FAIRHAVEN",94
"246","25","007","200100","25007200100","TISBURY",296
"247","25","007","200200","25007200200","OAK BLUFFS",221
"248","25","009","202100","25009202100","SWAMPSCOTT",291
"249","25","009","202200","25009202200","SWAMPSCOTT",291
"250","25","009","206800","25009206800","LYNN",163
"251","25","009","203100","25009203100","MARBLEHEAD",168
"252","25","009","203200","25009203200","MARBLEHEAD",168
"253","25","009","204101","25009204101","SALEM",258
"254","25","009","204102","25009204102","SALEM",258
"255","25","009","204200","25009204200","SALEM",258
"256","25","009","204400","25009204400","SALEM",258
"257","25","009","204500","25009204500","SALEM",258
"258","25","009","204600","25009204600","SALEM",258
"259","25","009","206900","25009206900","LYNN",163
"260","25","009","204701","25009204701","SALEM",258
"261","25","009","205100","25009205100","LYNN",163
"262","25","009","205200","25009205200","LYNN",163
"263","25","009","205300","25009205300","LYNN",163
"264","25","009","205400","25009205400","LYNN",163
"265","25","009","205600","25009205600","LYNN",163
"266","25","009","205700","25009205700","LYNN",163
"267","25","009","205900","25009205900","LYNN",163
"268","25","009","206100","25009206100","LYNN",163
"269","25","009","206200","25009206200","LYNN",163
"270","25","009","206300","25009206300","LYNN",163
"271","25","009","207000","25009207000","LYNN",163
"272","25","009","207200","25009207200","LYNN",163
"273","25","009","208101","25009208101","SAUGUS",262
"274","25","009","208102","25009208102","SAUGUS",262
"275","25","009","208200","25009208200","SAUGUS",262
"276","25","009","208400","25009208400","SAUGUS",262
"277","25","009","209100","25009209100","LYNNFIELD",164
"278","25","009","209200","25009209200","LYNNFIELD",164
"279","25","009","210200","25009210200","PEABODY",229
"280","25","009","210300","25009210300","PEABODY",229
"281","25","009","210400","25009210400","PEABODY",229
"282","25","009","210500","25009210500","PEABODY",229
"283","25","009","210700","25009210700","PEABODY",229
"284","25","009","210800","25009210800","PEABODY",229
"285","25","009","211100","25009211100","DANVERS",71
"286","25","009","211200","25009211200","DANVERS",71
"287","25","009","211300","25009211300","DANVERS",71
"288","25","009","251800","25009251800","LAWRENCE",149
"289","25","009","211400","25009211400","DANVERS",71
"290","25","009","212100","25009212100","MIDDLETON",184
"291","25","009","213100","25009213100","BOXFORD",38
"292","25","009","214100","25009214100","TOPSFIELD",298
"293","25","009","252202","25009252202","METHUEN",181
"294","25","009","252601","25009252601","METHUEN",181
"295","25","009","215100","25009215100","HAMILTON",119
"296","25","009","217100","25009217100","BEVERLY",30
"297","25","009","217300","25009217300","BEVERLY",30
"298","25","009","217500","25009217500","BEVERLY",30
"299","25","009","217600","25009217600","BEVERLY",30
"300","25","009","253100","25009253100","NORTH ANDOVER",210
"301","25","009","253205","25009253205","NORTH ANDOVER",210
"302","25","009","260100","25009260100","HAVERHILL",128
"303","25","009","218100","25009218100","MANCHESTER",166
"304","25","009","221100","25009221100","GLOUCESTER",107
"305","25","009","220100","25009220100","ROCKPORT",252
"306","25","009","221700","25009221700","GLOUCESTER",107
"307","25","009","254401","25009254401","ANDOVER",9
"308","25","009","221300","25009221300","GLOUCESTER",107
"309","25","009","221500","25009221500","GLOUCESTER",107
"310","25","009","221600","25009221600","GLOUCESTER",107
"311","25","009","221800","25009221800","GLOUCESTER",107
"312","25","009","223200","25009223200","IPSWICH",144
"313","25","009","223300","25009223300","IPSWICH",144
"314","25","009","250600","25009250600","LAWRENCE",149
"315","25","009","250700","25009250700","LAWRENCE",149
"316","25","009","250800","25009250800","LAWRENCE",149
"317","25","009","250900","25009250900","LAWRENCE",149
"318","25","009","260401","25009260401","HAVERHILL",128
"319","25","009","260600","25009260600","HAVERHILL",128
"320","25","009","261000","25009261000","HAVERHILL",128
"321","25","009","264100","25009264100","GROVELAND",116
"322","25","009","266400","25009266400","AMESBURY",7
"323","25","009","269100","25009269100","NEWBURY",205
"324","25","011","040300","25011040300","NORTHFIELD",217
"325","25","011","041000","25011041000","GREENFIELD",114
"326","25","011","041200","25011041200","GREENFIELD",114
"327","25","013","800100","25013800100","SPRINGFIELD",281
"328","25","013","800400","25013800400","SPRINGFIELD",281
"329","25","009","270100","25009270100","ROWLEY",254
"330","25","013","800700","25013800700","SPRINGFIELD",281
"331","25","011","040600","25011040600","SHUTESBURY",272
"332","25","013","801101","25013801101","SPRINGFIELD",281
"333","25","013","801300","25013801300","SPRINGFIELD",281
"334","25","013","801401","25013801401","SPRINGFIELD",281
"335","25","009","251000","25009251000","LAWRENCE",149
"336","25","009","251200","25009251200","LAWRENCE",149
"337","25","009","251300","25009251300","LAWRENCE",149
"338","25","009","251500","25009251500","LAWRENCE",149
"339","25","009","251600","25009251600","LAWRENCE",149
"340","25","009","251700","25009251700","LAWRENCE",149
"341","25","009","252101","25009252101","METHUEN",181
"342","25","009","252102","25009252102","METHUEN",181
"343","25","009","252201","25009252201","METHUEN",181
"344","25","009","252300","25009252300","METHUEN",181
"345","25","009","252400","25009252400","METHUEN",181
"346","25","009","252501","25009252501","METHUEN",181
"347","25","009","252502","25009252502","METHUEN",181
"348","25","009","252602","25009252602","METHUEN",181
"349","25","009","252603","25009252603","METHUEN",181
"350","25","009","253201","25009253201","NORTH ANDOVER",210
"351","25","009","253202","25009253202","NORTH ANDOVER",210
"352","25","009","253203","25009253203","NORTH ANDOVER",210
"353","25","009","253204","25009253204","NORTH ANDOVER",210
"354","25","009","254100","25009254100","ANDOVER",9
"355","25","009","254200","25009254200","ANDOVER",9
"356","25","009","254301","25009254301","ANDOVER",9
"357","25","009","254302","25009254302","ANDOVER",9
"358","25","009","254402","25009254402","ANDOVER",9
"359","25","009","254403","25009254403","ANDOVER",9
"360","25","009","260200","25009260200","HAVERHILL",128
"361","25","009","260301","25009260301","HAVERHILL",128
"362","25","009","260302","25009260302","HAVERHILL",128
"363","25","009","260402","25009260402","HAVERHILL",128
"364","25","009","260500","25009260500","HAVERHILL",128
"365","25","009","260700","25009260700","HAVERHILL",128
"366","25","009","260800","25009260800","HAVERHILL",128
"367","25","009","260900","25009260900","HAVERHILL",128
"368","25","009","261101","25009261101","HAVERHILL",128
"369","25","009","261102","25009261102","HAVERHILL",128
"370","25","009","262100","25009262100","MERRIMAC",180
"371","25","009","263100","25009263100","WEST NEWBURY",324
"372","25","009","265101","25009265101","GEORGETOWN",105
"373","25","013","801402","25013801402","SPRINGFIELD",281
"374","25","009","265102","25009265102","GEORGETOWN",105
"375","25","009","266100","25009266100","AMESBURY",7
"376","25","009","266200","25009266200","AMESBURY",7
"377","25","009","266300","25009266300","AMESBURY",7
"378","25","009","268100","25009268100","NEWBURYPORT",206
"379","25","009","268200","25009268200","NEWBURYPORT",206
"380","25","009","268300","25009268300","NEWBURYPORT",206
"381","25","009","267101","25009267101","SALISBURY",259
"382","25","009","267102","25009267102","SALISBURY",259
"383","25","013","801501","25013801501","SPRINGFIELD",281
"384","25","009","268400","25009268400","NEWBURYPORT",206
"385","25","011","040100","25011040100","HEATH",130
"386","25","011","040701","25011040701","MONTAGUE",192
"387","25","013","801503","25013801503","SPRINGFIELD",281
"388","25","011","040200","25011040200","BERNARDSTON",29
"389","25","011","040400","25011040400","ERVING",91
"390","25","011","040500","25011040500","ORANGE",223
"391","25","013","801102","25013801102","SPRINGFIELD",281
"392","25","011","040702","25011040702","MONTAGUE",192
"393","25","011","040800","25011040800","WHATELY",337
"394","25","011","040900","25011040900","DEERFIELD",74
"395","25","011","041100","25011041100","GREENFIELD",114
"396","25","013","801200","25013801200","SPRINGFIELD",281
"397","25","011","041300","25011041300","GREENFIELD",114
"398","25","011","041400","25011041400","GREENFIELD",114
"399","25","011","041500","25011041500","ASHFIELD",13
"400","25","013","800201","25013800201","SPRINGFIELD",281
"401","25","013","800202","25013800202","SPRINGFIELD",281
"402","25","013","800300","25013800300","SPRINGFIELD",281
"403","25","013","800500","25013800500","SPRINGFIELD",281
"404","25","013","800600","25013800600","SPRINGFIELD",281
"405","25","013","800800","25013800800","SPRINGFIELD",281
"406","25","013","800900","25013800900","SPRINGFIELD",281
"407","25","013","801604","25013801604","SPRINGFIELD",281
"408","25","013","801800","25013801800","SPRINGFIELD",281
"409","25","013","802200","25013802200","SPRINGFIELD",281
"410","25","013","802601","25013802601","SPRINGFIELD",281
"411","25","013","810403","25013810403","LUDLOW",161
"412","25","013","810602","25013810602","CHICOPEE",61
"413","25","013","810901","25013810901","CHICOPEE",61
"414","25","013","811102","25013811102","CHICOPEE",61
"415","25","013","811400","25013811400","HOLYOKE",137
"416","25","013","811500","25013811500","HOLYOKE",137
"417","25","013","811700","25013811700","HOLYOKE",137
"418","25","013","812102","25013812102","HOLYOKE",137
"419","25","013","812600","25013812600","WESTFIELD",329
"420","25","013","812901","25013812901","WESTFIELD",329
"421","25","013","813204","25013813204","AGAWAM",5
"422","25","013","813301","25013813301","LONGMEADOW",159
"423","25","013","813404","25013813404","EAST LONGMEADOW",85
"424","25","015","820400","25015820400","AMHERST",8
"425","25","015","820802","25015820802","AMHERST",8
"426","25","015","821200","25015821200","SOUTH HADLEY",275
"427","25","015","821601","25015821601","NORTHAMPTON",214
"428","25","015","821901","25015821901","NORTHAMPTON",214
"429","25","013","801502","25013801502","SPRINGFIELD",281
"430","25","013","801601","25013801601","SPRINGFIELD",281
"431","25","015","820204","25015820204","BELCHERTOWN",24
"432","25","015","820300","25015820300","AMHERST",8
"433","25","017","353700","25017353700","CAMBRIDGE",49
"434","25","013","801602","25013801602","SPRINGFIELD",281
"435","25","013","801603","25013801603","SPRINGFIELD",281
"436","25","013","801605","25013801605","SPRINGFIELD",281
"437","25","013","801700","25013801700","SPRINGFIELD",281
"438","25","013","801900","25013801900","SPRINGFIELD",281
"439","25","013","802000","25013802000","SPRINGFIELD",281
"440","25","013","802100","25013802100","SPRINGFIELD",281
"441","25","013","802300","25013802300","SPRINGFIELD",281
"442","25","013","802400","25013802400","SPRINGFIELD",281
"443","25","013","802500","25013802500","SPRINGFIELD",281
"444","25","013","802602","25013802602","SPRINGFIELD",281
"445","25","013","811101","25013811101","CHICOPEE",61
"446","25","013","810100","25013810100","PALMER",227
"447","25","013","810200","25013810200","PALMER",227
"448","25","013","810300","25013810300","PALMER",227
"449","25","013","810404","25013810404","LUDLOW",161
"450","25","013","810412","25013810412","LUDLOW",161
"451","25","013","810414","25013810414","LUDLOW",161
"452","25","013","810601","25013810601","CHICOPEE",61
"453","25","013","810700","25013810700","CHICOPEE",61
"454","25","013","810800","25013810800","CHICOPEE",61
"455","25","013","810902","25013810902","CHICOPEE",61
"456","25","013","811000","25013811000","CHICOPEE",61
"457","25","013","811200","25013811200","CHICOPEE",61
"458","25","013","811301","25013811301","CHICOPEE",61
"459","25","013","811302","25013811302","CHICOPEE",61
"460","25","013","811600","25013811600","HOLYOKE",137
"461","25","013","811800","25013811800","HOLYOKE",137
"462","25","013","811900","25013811900","HOLYOKE",137
"463","25","013","812000","25013812000","HOLYOKE",137
"464","25","013","812101","25013812101","HOLYOKE",137
"465","25","013","812200","25013812200","WEST SPRINGFIELD",325
"466","25","013","812300","25013812300","WEST SPRINGFIELD",325
"467","25","013","812401","25013812401","WEST SPRINGFIELD",325
"468","25","013","812402","25013812402","WEST SPRINGFIELD",325
"469","25","013","812500","25013812500","WESTFIELD",329
"470","25","013","812701","25013812701","WESTFIELD",329
"471","25","013","812702","25013812702","WESTFIELD",329
"472","25","013","812800","25013812800","WESTFIELD",329
"473","25","013","812902","25013812902","WESTFIELD",329
"474","25","013","812903","25013812903","WESTFIELD",329
"475","25","013","813401","25013813401","EAST LONGMEADOW",85
"476","25","017","354000","25017354000","CAMBRIDGE",49
"477","25","013","813000","25013813000","BLANDFORD",33
"478","25","013","813100","25013813100","SOUTHWICK",279
"479","25","013","813203","25013813203","AGAWAM",5
"480","25","013","813205","25013813205","AGAWAM",5
"481","25","013","813206","25013813206","AGAWAM",5
"482","25","013","813207","25013813207","AGAWAM",5
"483","25","013","813302","25013813302","LONGMEADOW",159
"484","25","017","354400","25017354400","CAMBRIDGE",49
"485","25","013","813403","25013813403","EAST LONGMEADOW",85
"486","25","013","813500","25013813500","HAMPDEN",120
"487","25","013","813601","25013813601","WILBRAHAM",339
"488","25","013","813602","25013813602","WILBRAHAM",339
"489","25","013","813700","25013813700","MONSON",191
"490","25","013","813800","25013813800","BRIMFIELD",43
"491","25","015","820101","25015820101","WARE",309
"492","25","015","820600","25015820600","AMHERST",8
"493","25","017","354700","25017354700","CAMBRIDGE",49
"494","25","015","820102","25015820102","WARE",309
"495","25","015","820202","25015820202","PELHAM",230
"496","25","015","820203","25015820203","BELCHERTOWN",24
"497","25","015","820500","25015820500","AMHERST",8
"498","25","015","820700","25015820700","AMHERST",8
"499","25","015","820801","25015820801","AMHERST",8
"500","25","015","820900","25015820900","GRANBY",111
"501","25","015","821000","25015821000","SOUTH HADLEY",275
"502","25","015","821100","25015821100","SOUTH HADLEY",275
"503","25","015","821300","25015821300","SOUTH HADLEY",275
"504","25","015","822300","25015822300","EASTHAMPTON",87
"505","25","015","821400","25015821400","HADLEY",117
"506","25","015","821500","25015821500","HATFIELD",127
"507","25","015","821602","25015821602","NORTHAMPTON",214
"508","25","015","821700","25015821700","NORTHAMPTON",214
"509","25","015","821902","25015821902","NORTHAMPTON",214
"510","25","015","822000","25015822000","NORTHAMPTON",214
"511","25","015","822200","25015822200","NORTHAMPTON",214
"512","25","025","090300","25025090300","BOSTON",35
"513","25","015","822402","25015822402","EASTHAMPTON",87
"514","25","017","300100","25017300100","ASHBY",12
"515","25","017","302200","25017302200","SHIRLEY",270
"516","25","017","310300","25017310300","LOWELL",160
"517","25","017","310602","25017310602","LOWELL",160
"518","25","017","311100","25017311100","LOWELL",160
"519","25","017","311300","25017311300","LOWELL",160
"520","25","017","311500","25017311500","LOWELL",160
"521","25","017","311800","25017311800","LOWELL",160
"522","25","017","312100","25017312100","LOWELL",160
"523","25","017","312400","25017312400","LOWELL",160
"524","25","017","314101","25017314101","DRACUT",79
"525","25","017","315100","25017315100","TEWKSBURY",295
"526","25","017","315403","25017315403","TEWKSBURY",295
"527","25","017","316202","25017316202","BILLERICA",31
"528","25","017","317103","25017317103","CHELMSFORD",56
"529","25","017","318400","25017318400","WESTFORD",330
"530","25","017","321100","25017321100","MARLBOROUGH",170
"531","25","017","322200","25017322200","HUDSON",141
"532","25","017","327102","25017327102","PEPPERELL",232
"533","25","017","331200","25017331200","WILMINGTON",342
"534","25","015","822401","25015822401","EASTHAMPTON",87
"535","25","015","822500","25015822500","SOUTHAMPTON",276
"536","25","015","822600","25015822600","CHESTERFIELD",60
"537","25","015","822700","25015822700","WORTHINGTON",349
"538","25","017","301101","25017301101","TOWNSEND",299
"539","25","017","301102","25017301102","TOWNSEND",299
"540","25","017","302100","25017302100","SHIRLEY",270
"541","25","017","310100","25017310100","LOWELL",160
"542","25","017","310200","25017310200","LOWELL",160
"543","25","017","310400","25017310400","LOWELL",160
"544","25","017","310500","25017310500","LOWELL",160
"545","25","017","310601","25017310601","LOWELL",160
"546","25","017","310700","25017310700","LOWELL",160
"547","25","017","310800","25017310800","LOWELL",160
"548","25","017","311000","25017311000","LOWELL",160
"549","25","017","311200","25017311200","LOWELL",160
"550","25","017","311400","25017311400","LOWELL",160
"551","25","017","311600","25017311600","LOWELL",160
"552","25","017","311700","25017311700","LOWELL",160
"553","25","017","311900","25017311900","LOWELL",160
"554","25","017","312000","25017312000","LOWELL",160
"555","25","017","312200","25017312200","LOWELL",160
"556","25","017","312300","25017312300","LOWELL",160
"557","25","017","312501","25017312501","LOWELL",160
"558","25","017","312502","25017312502","LOWELL",160
"559","25","017","313101","25017313101","TYNGSBOROUGH",301
"560","25","017","313102","25017313102","TYNGSBOROUGH",301
"561","25","017","314102","25017314102","DRACUT",79
"562","25","017","314200","25017314200","DRACUT",79
"563","25","017","314301","25017314301","DRACUT",79
"564","25","017","314302","25017314302","DRACUT",79
"565","25","017","315200","25017315200","TEWKSBURY",295
"566","25","017","315401","25017315401","TEWKSBURY",295
"567","25","017","315402","25017315402","TEWKSBURY",295
"568","25","017","315500","25017315500","TEWKSBURY",295
"569","25","017","316101","25017316101","BILLERICA",31
"570","25","017","316102","25017316102","BILLERICA",31
"571","25","017","316201","25017316201","BILLERICA",31
"572","25","017","316300","25017316300","BILLERICA",31
"573","25","017","316400","25017316400","BILLERICA",31
"574","25","017","316500","25017316500","BILLERICA",31
"575","25","017","317101","25017317101","CHELMSFORD",56
"576","25","017","317102","25017317102","CHELMSFORD",56
"577","25","017","317201","25017317201","CHELMSFORD",56
"578","25","017","339400","25017339400","MEDFORD",176
"579","25","017","317202","25017317202","CHELMSFORD",56
"580","25","017","317203","25017317203","CHELMSFORD",56
"581","25","017","317300","25017317300","CHELMSFORD",56
"582","25","017","318100","25017318100","WESTFORD",330
"583","25","017","318200","25017318200","WESTFORD",330
"584","25","017","318300","25017318300","WESTFORD",330
"585","25","017","339900","25017339900","MEDFORD",176
"586","25","017","320101","25017320101","HOPKINTON",139
"587","25","017","320102","25017320102","HOPKINTON",139
"588","25","017","321200","25017321200","MARLBOROUGH",170
"589","25","017","321300","25017321300","MARLBOROUGH",170
"590","25","017","321400","25017321400","MARLBOROUGH",170
"591","25","017","321500","25017321500","MARLBOROUGH",170
"592","25","017","321600","25017321600","MARLBOROUGH",170
"593","25","017","341200","25017341200","MALDEN",165
"594","25","017","322100","25017322100","HUDSON",141
"595","25","017","322300","25017322300","HUDSON",141
"596","25","017","322400","25017322400","HUDSON",141
"597","25","017","323100","25017323100","STOW",286
"598","25","017","324100","25017324100","LITTLETON",158
"599","25","017","325100","25017325100","AYER",19
"600","25","017","341100","25017341100","MALDEN",165
"601","25","017","326100","25017326100","GROTON",115
"602","25","017","327101","25017327101","PEPPERELL",232
"603","25","017","327103","25017327103","PEPPERELL",232
"604","25","017","341500","25017341500","MALDEN",165
"605","25","017","328100","25017328100","DUNSTABLE",81
"606","25","017","330100","25017330100","NORTH READING",213
"607","25","017","330200","25017330200","NORTH READING",213
"608","25","017","331101","25017331101","WILMINGTON",342
"609","25","017","331102","25017331102","WILMINGTON",342
"610","25","017","331300","25017331300","WILMINGTON",342
"611","25","017","332100","25017332100","BURLINGTON",48
"612","25","017","332200","25017332200","BURLINGTON",48
"613","25","017","332300","25017332300","BURLINGTON",48
"614","25","017","333100","25017333100","WOBURN",347
"615","25","017","333502","25017333502","WOBURN",347
"616","25","017","334400","25017334400","READING",246
"617","25","017","336100","25017336100","MELROSE",178
"618","25","017","336401","25017336401","MELROSE",178
"619","25","017","337201","25017337201","STONEHAM",284
"620","25","017","338200","25017338200","WINCHESTER",344
"621","25","017","339200","25017339200","MEDFORD",176
"622","25","017","341900","25017341900","MALDEN",165
"623","25","017","342300","25017342300","EVERETT",93
"624","25","017","342600","25017342600","EVERETT",93
"625","25","017","350300","25017350300","SOMERVILLE",274
"626","25","017","350500","25017350500","SOMERVILLE",274
"627","25","017","350800","25017350800","SOMERVILLE",274
"628","25","017","351000","25017351000","SOMERVILLE",274
"629","25","017","351100","25017351100","SOMERVILLE",274
"630","25","017","351200","25017351200","SOMERVILLE",274
"631","25","017","352100","25017352100","CAMBRIDGE",49
"632","25","017","352400","25017352400","CAMBRIDGE",49
"633","25","017","352600","25017352600","CAMBRIDGE",49
"634","25","017","352800","25017352800","CAMBRIDGE",49
"635","25","017","353200","25017353200","CAMBRIDGE",49
"636","25","017","353400","25017353400","CAMBRIDGE",49
"637","25","017","332400","25017332400","BURLINGTON",48
"638","25","017","333200","25017333200","WOBURN",347
"639","25","017","333300","25017333300","WOBURN",347
"640","25","017","333400","25017333400","WOBURN",347
"641","25","017","333501","25017333501","WOBURN",347
"642","25","017","333600","25017333600","WOBURN",347
"643","25","017","334100","25017334100","READING",246
"644","25","017","334200","25017334200","READING",246
"645","25","017","337102","25017337102","STONEHAM",284
"646","25","017","337202","25017337202","STONEHAM",284
"647","25","017","334300","25017334300","READING",246
"648","25","017","335100","25017335100","WAKEFIELD",305
"649","25","017","335200","25017335200","WAKEFIELD",305
"650","25","017","335300","25017335300","WAKEFIELD",305
"651","25","017","335400","25017335400","WAKEFIELD",305
"652","25","017","336200","25017336200","MELROSE",178
"653","25","017","336300","25017336300","MELROSE",178
"654","25","017","336402","25017336402","MELROSE",178
"655","25","017","337101","25017337101","STONEHAM",284
"656","25","017","337300","25017337300","STONEHAM",284
"657","25","017","338100","25017338100","WINCHESTER",344
"658","25","017","338300","25017338300","WINCHESTER",344
"659","25","017","338400","25017338400","WINCHESTER",344
"660","25","017","338500","25017338500","WINCHESTER",344
"661","25","017","339100","25017339100","MEDFORD",176
"662","25","017","339300","25017339300","MEDFORD",176
"663","25","017","339500","25017339500","MEDFORD",176
"664","25","017","339600","25017339600","MEDFORD",176
"665","25","017","339700","25017339700","MEDFORD",176
"666","25","017","339800","25017339800","MEDFORD",176
"667","25","017","340000","25017340000","MEDFORD",176
"668","25","017","340100","25017340100","MEDFORD",176
"669","25","017","341300","25017341300","MALDEN",165
"670","25","017","341400","25017341400","MALDEN",165
"671","25","017","341600","25017341600","MALDEN",165
"672","25","017","341700","25017341700","MALDEN",165
"673","25","017","341800","25017341800","MALDEN",165
"674","25","017","342100","25017342100","EVERETT",93
"675","25","017","342200","25017342200","EVERETT",93
"676","25","017","342400","25017342400","EVERETT",93
"677","25","017","342500","25017342500","EVERETT",93
"678","25","017","350100","25017350100","SOMERVILLE",274
"679","25","017","350200","25017350200","SOMERVILLE",274
"680","25","017","350600","25017350600","SOMERVILLE",274
"681","25","017","350700","25017350700","SOMERVILLE",274
"682","25","017","350900","25017350900","SOMERVILLE",274
"683","25","017","351300","25017351300","SOMERVILLE",274
"684","25","017","351400","25017351400","SOMERVILLE",274
"685","25","017","351500","25017351500","SOMERVILLE",274
"686","25","017","352200","25017352200","CAMBRIDGE",49
"687","25","017","352300","25017352300","CAMBRIDGE",49
"688","25","017","352500","25017352500","CAMBRIDGE",49
"689","25","017","352700","25017352700","CAMBRIDGE",49
"690","25","017","352900","25017352900","CAMBRIDGE",49
"691","25","017","353000","25017353000","CAMBRIDGE",49
"692","25","017","353100","25017353100","CAMBRIDGE",49
"693","25","017","353300","25017353300","CAMBRIDGE",49
"694","25","017","353500","25017353500","CAMBRIDGE",49
"695","25","017","353600","25017353600","CAMBRIDGE",49
"696","25","017","353800","25017353800","CAMBRIDGE",49
"697","25","017","353900","25017353900","CAMBRIDGE",49
"698","25","017","354100","25017354100","CAMBRIDGE",49
"699","25","017","354200","25017354200","CAMBRIDGE",49
"700","25","017","354300","25017354300","CAMBRIDGE",49
"701","25","017","354500","25017354500","CAMBRIDGE",49
"702","25","017","354600","25017354600","CAMBRIDGE",49
"703","25","017","354800","25017354800","CAMBRIDGE",49
"704","25","017","354900","25017354900","CAMBRIDGE",49
"705","25","017","355000","25017355000","CAMBRIDGE",49
"706","25","017","356100","25017356100","ARLINGTON",10
"707","25","017","356200","25017356200","ARLINGTON",10
"708","25","017","356300","25017356300","ARLINGTON",10
"709","25","017","356400","25017356400","ARLINGTON",10
"710","25","017","356602","25017356602","ARLINGTON",10
"711","25","017","357200","25017357200","BELMONT",26
"712","25","017","357400","25017357400","BELMONT",26
"713","25","017","358100","25017358100","LEXINGTON",155
"714","25","017","358700","25017358700","LEXINGTON",155
"715","25","017","361200","25017361200","CONCORD",67
"716","25","017","363102","25017363102","ACTON",2
"717","25","017","365202","25017365202","SUDBURY",288
"718","25","017","367100","25017367100","WESTON",333
"719","25","017","368101","25017368101","WALTHAM",308
"720","25","017","368500","25017368500","WALTHAM",308
"721","25","017","368600","25017368600","WALTHAM",308
"722","25","017","368902","25017368902","WALTHAM",308
"723","25","017","370200","25017370200","WATERTOWN",314
"724","25","017","373200","25017373200","NEWTON",207
"725","25","017","373600","25017373600","NEWTON",207
"726","25","017","374100","25017374100","NEWTON",207
"727","25","017","374500","25017374500","NEWTON",207
"728","25","017","382200","25017382200","NATICK",198
"729","25","017","382600","25017382600","NATICK",198
"730","25","017","383400","25017383400","FRAMINGHAM",100
"731","25","017","383700","25017383700","FRAMINGHAM",100
"732","25","017","373400","25017373400","NEWTON",207
"733","25","017","356500","25017356500","ARLINGTON",10
"734","25","017","356601","25017356601","ARLINGTON",10
"735","25","017","356700","25017356700","ARLINGTON",10
"736","25","017","357100","25017357100","BELMONT",26
"737","25","017","357300","25017357300","BELMONT",26
"738","25","017","357500","25017357500","BELMONT",26
"739","25","017","357600","25017357600","BELMONT",26
"740","25","017","357700","25017357700","BELMONT",26
"741","25","017","357800","25017357800","BELMONT",26
"742","25","017","358300","25017358300","LEXINGTON",155
"743","25","017","358400","25017358400","LEXINGTON",155
"744","25","021","403200","25021403200","NEEDHAM",199
"745","25","017","358500","25017358500","LEXINGTON",155
"746","25","017","358600","25017358600","LEXINGTON",155
"747","25","017","359100","25017359100","BEDFORD",23
"748","25","017","359300","25017359300","BEDFORD",23
"749","25","017","360100","25017360100","LINCOLN",157
"750","25","017","360200","25017360200","LINCOLN",157
"751","25","017","361100","25017361100","CONCORD",67
"752","25","017","368102","25017368102","WALTHAM",308
"753","25","017","361300","25017361300","CONCORD",67
"754","25","017","362100","25017362100","CARLISLE",51
"755","25","017","363101","25017363101","ACTON",2
"756","25","017","363201","25017363201","ACTON",2
"757","25","017","363202","25017363202","ACTON",2
"758","25","017","364101","25017364101","MAYNARD",174
"759","25","017","364102","25017364102","MAYNARD",174
"760","25","017","368200","25017368200","WALTHAM",308
"761","25","017","373300","25017373300","NEWTON",207
"762","25","017","365100","25017365100","SUDBURY",288
"763","25","017","365201","25017365201","SUDBURY",288
"764","25","017","366100","25017366100","WAYLAND",315
"765","25","017","366200","25017366200","WAYLAND",315
"766","25","017","367200","25017367200","WESTON",333
"767","25","017","373100","25017373100","NEWTON",207
"768","25","017","368300","25017368300","WALTHAM",308
"769","25","017","368400","25017368400","WALTHAM",308
"770","25","017","368700","25017368700","WALTHAM",308
"771","25","017","368800","25017368800","WALTHAM",308
"772","25","017","368901","25017368901","WALTHAM",308
"773","25","017","369000","25017369000","WALTHAM",308
"774","25","017","369100","25017369100","WALTHAM",308
"775","25","017","370101","25017370101","WATERTOWN",314
"776","25","017","370102","25017370102","WATERTOWN",314
"777","25","017","370300","25017370300","WATERTOWN",314
"778","25","017","370400","25017370400","WATERTOWN",314
"779","25","017","373500","25017373500","NEWTON",207
"780","25","017","373700","25017373700","NEWTON",207
"781","25","017","373800","25017373800","NEWTON",207
"782","25","017","373900","25017373900","NEWTON",207
"783","25","017","374000","25017374000","NEWTON",207
"784","25","017","374200","25017374200","NEWTON",207
"785","25","017","374300","25017374300","NEWTON",207
"786","25","017","374400","25017374400","NEWTON",207
"787","25","017","374600","25017374600","NEWTON",207
"788","25","017","374700","25017374700","NEWTON",207
"789","25","017","374800","25017374800","NEWTON",207
"790","25","017","382100","25017382100","NATICK",198
"791","25","017","382300","25017382300","NATICK",198
"792","25","017","382400","25017382400","NATICK",198
"793","25","017","382500","25017382500","NATICK",198
"794","25","017","383100","25017383100","FRAMINGHAM",100
"795","25","017","383200","25017383200","FRAMINGHAM",100
"796","25","017","383300","25017383300","FRAMINGHAM",100
"797","25","017","383501","25017383501","FRAMINGHAM",100
"798","25","017","383502","25017383502","FRAMINGHAM",100
"799","25","017","383600","25017383600","FRAMINGHAM",100
"800","25","017","383800","25017383800","FRAMINGHAM",100
"801","25","017","383901","25017383901","FRAMINGHAM",100
"802","25","017","383902","25017383902","FRAMINGHAM",100
"803","25","017","384000","25017384000","FRAMINGHAM",100
"804","25","017","387100","25017387100","HOLLISTON",136
"805","25","019","950400","25019950400","NANTUCKET",197
"806","25","021","400100","25021400100","BROOKLINE",46
"807","25","021","400300","25021400300","BROOKLINE",46
"808","25","021","400700","25021400700","BROOKLINE",46
"809","25","021","400900","25021400900","BROOKLINE",46
"810","25","021","402102","25021402102","DEDHAM",73
"811","25","021","402400","25021402400","DEDHAM",73
"812","25","021","403500","25021403500","NEEDHAM",199
"813","25","021","404202","25021404202","WELLESLEY",317
"814","25","021","404400","25021404400","WELLESLEY",317
"815","25","021","410100","25021410100","FOXBOROUGH",99
"816","25","021","410400","25021410400","FOXBOROUGH",99
"817","25","021","411200","25021411200","WALPOLE",307
"818","25","021","412100","25021412100","WESTWOOD",335
"819","25","021","412200","25021412200","WESTWOOD",335
"820","25","021","412300","25021412300","WESTWOOD",335
"821","25","021","413300","25021413300","NORWOOD",220
"822","25","021","401100","25021401100","BROOKLINE",46
"823","25","021","415200","25021415200","CANTON",50
"824","25","021","416300","25021416300","MILTON",189
"825","25","021","417200","25021417200","QUINCY",243
"826","25","021","417502","25021417502","QUINCY",243
"827","25","021","417802","25021417802","QUINCY",243
"828","25","021","417902","25021417902","QUINCY",243
"829","25","021","418100","25021418100","QUINCY",243
"830","25","021","419300","25021419300","BRAINTREE",40
"831","25","021","419700","25021419700","BRAINTREE",40
"832","25","017","385100","25017385100","ASHLAND",14
"833","25","021","401200","25021401200","BROOKLINE",46
"834","25","017","385200","25017385200","ASHLAND",14
"835","25","017","386100","25017386100","SHERBORN",269
"836","25","017","387201","25017387201","HOLLISTON",136
"837","25","017","387202","25017387202","HOLLISTON",136
"838","25","017","388100","25017388100","BOXBOROUGH",37
"839","25","019","950100","25019950100","NANTUCKET",197
"840","25","021","402101","25021402101","DEDHAM",73
"841","25","019","950200","25019950200","NANTUCKET",197
"842","25","019","950300","25019950300","NANTUCKET",197
"843","25","021","402200","25021402200","DEDHAM",73
"844","25","021","402300","25021402300","DEDHAM",73
"845","25","021","402500","25021402500","DEDHAM",73
"846","25","021","403100","25021403100","NEEDHAM",199
"847","25","019","950500","25019950500","NANTUCKET",197
"848","25","021","400200","25021400200","BROOKLINE",46
"849","25","021","400400","25021400400","BROOKLINE",46
"850","25","021","400500","25021400500","BROOKLINE",46
"851","25","021","400600","25021400600","BROOKLINE",46
"852","25","021","400800","25021400800","BROOKLINE",46
"853","25","021","401000","25021401000","BROOKLINE",46
"854","25","021","403300","25021403300","NEEDHAM",199
"855","25","021","403400","25021403400","NEEDHAM",199
"856","25","021","404100","25021404100","WELLESLEY",317
"857","25","021","404201","25021404201","WELLESLEY",317
"858","25","021","404301","25021404301","WELLESLEY",317
"859","25","021","404302","25021404302","WELLESLEY",317
"860","25","021","405100","25021405100","DOVER",78
"861","25","021","406101","25021406101","MEDFIELD",175
"862","25","021","413200","25021413200","NORWOOD",220
"863","25","021","406102","25021406102","MEDFIELD",175
"864","25","021","407100","25021407100","MILLIS",187
"865","25","021","408101","25021408101","MEDWAY",177
"866","25","021","408102","25021408102","MEDWAY",177
"867","25","021","413400","25021413400","NORWOOD",220
"868","25","023","521101","25023521101","WHITMAN",338
"869","25","021","409101","25021409101","NORFOLK",208
"870","25","021","409102","25021409102","NORFOLK",208
"871","25","021","410300","25021410300","FOXBOROUGH",99
"872","25","021","411100","25021411100","WALPOLE",307
"873","25","021","411300","25021411300","WALPOLE",307
"874","25","021","413100","25021413100","NORWOOD",220
"875","25","021","413500","25021413500","NORWOOD",220
"876","25","021","414100","25021414100","SHARON",266
"877","25","021","414200","25021414200","SHARON",266
"878","25","021","414300","25021414300","SHARON",266
"879","25","021","415101","25021415101","CANTON",50
"880","25","021","415102","25021415102","CANTON",50
"881","25","021","417700","25021417700","QUINCY",243
"882","25","021","415300","25021415300","CANTON",50
"883","25","021","416100","25021416100","MILTON",189
"884","25","021","416200","25021416200","MILTON",189
"885","25","021","416400","25021416400","MILTON",189
"886","25","021","417100","25021417100","QUINCY",243
"887","25","021","417300","25021417300","QUINCY",243
"888","25","021","417400","25021417400","QUINCY",243
"889","25","021","417501","25021417501","QUINCY",243
"890","25","021","417601","25021417601","QUINCY",243
"891","25","021","417602","25021417602","QUINCY",243
"892","25","021","417801","25021417801","QUINCY",243
"893","25","021","417901","25021417901","QUINCY",243
"894","25","021","418001","25021418001","QUINCY",243
"895","25","021","418002","25021418002","QUINCY",243
"896","25","021","418200","25021418200","QUINCY",243
"897","25","021","419100","25021419100","BRAINTREE",40
"898","25","021","419200","25021419200","BRAINTREE",40
"899","25","021","419400","25021419400","BRAINTREE",40
"900","25","021","419500","25021419500","BRAINTREE",40
"901","25","021","419600","25021419600","BRAINTREE",40
"902","25","021","419800","25021419800","BRAINTREE",40
"903","25","021","420100","25021420100","RANDOLPH",244
"904","25","021","420201","25021420201","RANDOLPH",244
"905","25","021","421200","25021421200","HOLBROOK",133
"906","25","021","422301","25021422301","WEYMOUTH",336
"907","25","021","422501","25021422501","WEYMOUTH",336
"908","25","021","440100","25021440100","PLAINVILLE",238
"909","25","021","442200","25021442200","FRANKLIN",101
"910","25","021","456101","25021456101","STOUGHTON",285
"911","25","021","456402","25021456402","STOUGHTON",285
"912","25","023","510100","25023510100","BROCKTON",44
"913","25","023","510400","25023510400","BROCKTON",44
"914","25","023","501102","25023501102","HINGHAM",131
"915","25","023","502102","25023502102","ROCKLAND",251
"916","25","023","505102","25023505102","SCITUATE",264
"917","25","023","510503","25023510503","BROCKTON",44
"918","25","023","510800","25023510800","BROCKTON",44
"919","25","023","511200","25023511200","BROCKTON",44
"920","25","023","511400","25023511400","BROCKTON",44
"921","25","023","511702","25023511702","BROCKTON",44
"922","25","025","090600","25025090600","BOSTON",35
"923","25","023","505200","25023505200","SCITUATE",264
"924","25","023","507101","25023507101","DUXBURY",82
"925","25","023","507104","25023507104","DUXBURY",82
"926","25","023","508102","25023508102","PEMBROKE",231
"927","25","023","521202","25023521202","WHITMAN",338
"928","25","023","523201","25023523201","EAST BRIDGEWATER",83
"929","25","021","420202","25021420202","RANDOLPH",244
"930","25","021","420301","25021420301","RANDOLPH",244
"931","25","021","420302","25021420302","RANDOLPH",244
"932","25","021","421100","25021421100","HOLBROOK",133
"933","25","021","422100","25021422100","WEYMOUTH",336
"934","25","021","422200","25021422200","WEYMOUTH",336
"935","25","021","422302","25021422302","WEYMOUTH",336
"936","25","021","422400","25021422400","WEYMOUTH",336
"937","25","021","422502","25021422502","WEYMOUTH",336
"938","25","021","422600","25021422600","WEYMOUTH",336
"939","25","021","422700","25021422700","WEYMOUTH",336
"940","25","021","422800","25021422800","WEYMOUTH",336
"941","25","021","442102","25021442102","FRANKLIN",101
"942","25","021","456401","25021456401","STOUGHTON",285
"943","25","021","457100","25021457100","AVON",18
"944","25","023","511600","25023511600","BROCKTON",44
"945","25","025","090700","25025090700","BOSTON",35
"946","25","021","423100","25021423100","COHASSET",65
"947","25","021","441201","25021441201","WRENTHAM",350
"948","25","021","441202","25021441202","WRENTHAM",350
"949","25","021","442101","25021442101","FRANKLIN",101
"950","25","021","442103","25021442103","FRANKLIN",101
"951","25","021","443101","25021443101","BELLINGHAM",25
"952","25","021","443102","25021443102","BELLINGHAM",25
"953","25","021","456102","25021456102","STOUGHTON",285
"954","25","021","456200","25021456200","STOUGHTON",285
"955","25","021","456300","25021456300","STOUGHTON",285
"956","25","023","500101","25023500101","HULL",142
"957","25","023","502101","25023502101","ROCKLAND",251
"958","25","023","502200","25023502200","ROCKLAND",251
"959","25","025","091100","25025091100","BOSTON",35
"960","25","023","500102","25023500102","HULL",142
"961","25","023","503101","25023503101","HANOVER",122
"962","25","023","511701","25023511701","BROCKTON",44
"963","25","023","520100","25023520100","ABINGTON",1
"964","25","023","501101","25023501101","HINGHAM",131
"965","25","023","501201","25023501201","HINGHAM",131
"966","25","023","501202","25023501202","HINGHAM",131
"967","25","025","040300","25025040300","BOSTON",35
"968","25","023","503102","25023503102","HANOVER",122
"969","25","023","504101","25023504101","NORWELL",219
"970","25","023","504102","25023504102","NORWELL",219
"971","25","023","506202","25023506202","MARSHFIELD",171
"972","25","023","520201","25023520201","ABINGTON",1
"973","25","025","090400","25025090400","BOSTON",35
"974","25","023","505101","25023505101","SCITUATE",264
"975","25","023","510300","25023510300","BROCKTON",44
"976","25","023","510501","25023510501","BROCKTON",44
"977","25","023","510502","25023510502","BROCKTON",44
"978","25","023","510600","25023510600","BROCKTON",44
"979","25","023","510700","25023510700","BROCKTON",44
"980","25","023","506101","25023506101","MARSHFIELD",171
"981","25","023","506102","25023506102","MARSHFIELD",171
"982","25","023","510900","25023510900","BROCKTON",44
"983","25","023","506203","25023506203","MARSHFIELD",171
"984","25","023","506204","25023506204","MARSHFIELD",171
"985","25","023","511000","25023511000","BROCKTON",44
"986","25","023","511100","25023511100","BROCKTON",44
"987","25","023","511301","25023511301","BROCKTON",44
"988","25","023","507103","25023507103","DUXBURY",82
"989","25","023","508101","25023508101","PEMBROKE",231
"990","25","023","508200","25023508200","PEMBROKE",231
"991","25","023","509100","25023509100","KINGSTON",145
"992","25","023","510200","25023510200","BROCKTON",44
"993","25","023","520202","25023520202","ABINGTON",1
"994","25","023","521102","25023521102","WHITMAN",338
"995","25","023","521201","25023521201","WHITMAN",338
"996","25","023","522101","25023522101","HANSON",123
"997","25","023","522102","25023522102","HANSON",123
"998","25","023","523100","25023523100","EAST BRIDGEWATER",83
"999","25","023","523202","25023523202","EAST BRIDGEWATER",83
"1000","25","023","524101","25023524101","WEST BRIDGEWATER",322
"1001","25","023","524102","25023524102","WEST BRIDGEWATER",322
"1002","25","023","525101","25023525101","BRIDGEWATER",42
"1003","25","023","525102","25023525102","BRIDGEWATER",42
"1004","25","023","525200","25023525200","BRIDGEWATER",42
"1005","25","023","525300","25023525300","BRIDGEWATER",42
"1006","25","023","526100","25023526100","HALIFAX",118
"1007","25","023","530100","25023530100","PLYMOUTH",239
"1008","25","023","530200","25023530200","PLYMOUTH",239
"1009","25","023","530300","25023530300","PLYMOUTH",239
"1010","25","023","541100","25023541100","ROCHESTER",250
"1011","25","023","543100","25023543100","PLYMPTON",240
"1012","25","023","545400","25023545400","WAREHAM",310
"1013","25","023","561100","25023561100","MARION",169
"1014","25","025","000100","25025000100","BOSTON",35
"1015","25","025","000201","25025000201","BOSTON",35
"1016","25","025","000302","25025000302","BOSTON",35
"1017","25","025","000501","25025000501","BOSTON",35
"1018","25","025","000602","25025000602","BOSTON",35
"1019","25","025","000702","25025000702","BOSTON",35
"1020","25","025","010101","25025010101","BOSTON",35
"1021","25","025","010202","25025010202","BOSTON",35
"1022","25","025","010401","25025010401","BOSTON",35
"1023","25","025","010500","25025010500","BOSTON",35
"1024","25","025","010800","25025010800","BOSTON",35
"1025","25","025","020200","25025020200","BOSTON",35
"1026","25","025","030200","25025030200","BOSTON",35
"1027","25","025","030500","25025030500","BOSTON",35
"1028","25","025","040100","25025040100","BOSTON",35
"1029","25","025","040200","25025040200","BOSTON",35
"1030","25","025","040400","25025040400","BOSTON",35
"1031","25","025","050100","25025050100","BOSTON",35
"1032","25","025","050200","25025050200","BOSTON",35
"1033","25","025","050400","25025050400","BOSTON",35
"1034","25","025","050500","25025050500","BOSTON",35
"1035","25","025","051100","25025051100","BOSTON",35
"1036","25","025","060200","25025060200","BOSTON",35
"1037","25","025","060300","25025060300","BOSTON",35
"1038","25","025","060700","25025060700","BOSTON",35
"1039","25","025","061000","25025061000","BOSTON",35
"1040","25","025","070100","25025070100","BOSTON",35
"1041","25","025","070400","25025070400","BOSTON",35
"1042","25","025","070600","25025070600","BOSTON",35
"1043","25","025","070800","25025070800","BOSTON",35
"1044","25","025","071200","25025071200","BOSTON",35
"1045","25","025","080400","25025080400","BOSTON",35
"1046","25","025","080800","25025080800","BOSTON",35
"1047","25","023","530400","25023530400","PLYMOUTH",239
"1048","25","023","530500","25023530500","PLYMOUTH",239
"1049","25","023","530600","25023530600","PLYMOUTH",239
"1050","25","025","050900","25025050900","BOSTON",35
"1051","25","025","051000","25025051000","BOSTON",35
"1052","25","023","530700","25023530700","PLYMOUTH",239
"1053","25","023","530800","25023530800","PLYMOUTH",239
"1054","25","025","070900","25025070900","BOSTON",35
"1055","25","025","071100","25025071100","BOSTON",35
"1056","25","023","530900","25023530900","PLYMOUTH",239
"1057","25","023","540100","25023540100","LAKEVILLE",146
"1058","25","023","542300","25023542300","MIDDLEBOROUGH",182
"1059","25","023","544100","25023544100","CARVER",52
"1060","25","023","542100","25023542100","MIDDLEBOROUGH",182
"1061","25","023","542200","25023542200","MIDDLEBOROUGH",182
"1062","25","023","544200","25023544200","CARVER",52
"1063","25","025","000701","25025000701","BOSTON",35
"1064","25","025","000801","25025000801","BOSTON",35
"1065","25","025","000802","25025000802","BOSTON",35
"1066","25","025","010102","25025010102","BOSTON",35
"1067","25","025","010201","25025010201","BOSTON",35
"1068","25","025","010300","25025010300","BOSTON",35
"1069","25","025","010402","25025010402","BOSTON",35
"1070","25","025","010600","25025010600","BOSTON",35
"1071","25","025","082000","25025082000","BOSTON",35
"1072","25","023","545100","25023545100","WAREHAM",310
"1073","25","025","010700","25025010700","BOSTON",35
"1074","25","025","020100","25025020100","BOSTON",35
"1075","25","025","020300","25025020300","BOSTON",35
"1076","25","025","030100","25025030100","BOSTON",35
"1077","25","025","030300","25025030300","BOSTON",35
"1078","25","023","545200","25023545200","WAREHAM",310
"1079","25","025","030400","25025030400","BOSTON",35
"1080","25","025","040600","25025040600","BOSTON",35
"1081","25","025","040800","25025040800","BOSTON",35
"1082","25","025","082100","25025082100","BOSTON",35
"1083","25","023","545300","25023545300","WAREHAM",310
"1084","25","025","050300","25025050300","BOSTON",35
"1085","25","025","050600","25025050600","BOSTON",35
"1086","25","025","050700","25025050700","BOSTON",35
"1087","25","025","090100","25025090100","BOSTON",35
"1088","25","023","560100","25023560100","MATTAPOISETT",173
"1089","25","025","000202","25025000202","BOSTON",35
"1090","25","025","000301","25025000301","BOSTON",35
"1091","25","025","000401","25025000401","BOSTON",35
"1092","25","025","000402","25025000402","BOSTON",35
"1093","25","025","000502","25025000502","BOSTON",35
"1094","25","025","000601","25025000601","BOSTON",35
"1095","25","025","051200","25025051200","BOSTON",35
"1096","25","025","060100","25025060100","BOSTON",35
"1097","25","025","060400","25025060400","BOSTON",35
"1098","25","025","060500","25025060500","BOSTON",35
"1099","25","025","060600","25025060600","BOSTON",35
"1100","25","025","060800","25025060800","BOSTON",35
"1101","25","025","061100","25025061100","BOSTON",35
"1102","25","025","061200","25025061200","BOSTON",35
"1103","25","025","070200","25025070200","BOSTON",35
"1104","25","025","070300","25025070300","BOSTON",35
"1105","25","025","070500","25025070500","BOSTON",35
"1106","25","025","070700","25025070700","BOSTON",35
"1107","25","025","080100","25025080100","BOSTON",35
"1108","25","025","080300","25025080300","BOSTON",35
"1109","25","025","080500","25025080500","BOSTON",35
"1110","25","025","080600","25025080600","BOSTON",35
"1111","25","025","080900","25025080900","BOSTON",35
"1112","25","025","081000","25025081000","BOSTON",35
"1113","25","025","081100","25025081100","BOSTON",35
"1114","25","025","081200","25025081200","BOSTON",35
"1115","25","025","081300","25025081300","BOSTON",35
"1116","25","025","081400","25025081400","BOSTON",35
"1117","25","025","081500","25025081500","BOSTON",35
"1118","25","025","081700","25025081700","BOSTON",35
"1119","25","025","081800","25025081800","BOSTON",35
"1120","25","025","081900","25025081900","BOSTON",35
"1121","25","025","091600","25025091600","BOSTON",35
"1122","25","025","091800","25025091800","BOSTON",35
"1123","25","025","092200","25025092200","BOSTON",35
"1124","25","025","092400","25025092400","BOSTON",35
"1125","25","025","100300","25025100300","BOSTON",35
"1126","25","025","100601","25025100601","BOSTON",35
"1127","25","025","100900","25025100900","BOSTON",35
"1128","25","025","101101","25025101101","BOSTON",35
"1129","25","025","110200","25025110200","BOSTON",35
"1130","25","025","110401","25025110401","BOSTON",35
"1131","25","025","110502","25025110502","BOSTON",35
"1132","25","025","120102","25025120102","BOSTON",35
"1133","25","025","120500","25025120500","BOSTON",35
"1134","25","025","120600","25025120600","BOSTON",35
"1135","25","025","130200","25025130200","BOSTON",35
"1136","25","025","140102","25025140102","BOSTON",35
"1137","25","025","140201","25025140201","BOSTON",35
"1138","25","025","160100","25025160100","CHELSEA",57
"1139","25","025","160200","25025160200","CHELSEA",57
"1140","25","025","160600","25025160600","CHELSEA",57
"1141","25","025","170500","25025170500","REVERE",248
"1142","25","025","170700","25025170700","REVERE",248
"1143","25","025","180300","25025180300","BOSTON",35
"1144","25","025","090900","25025090900","BOSTON",35
"1145","25","025","091000","25025091000","BOSTON",35
"1146","25","025","091200","25025091200","BOSTON",35
"1147","25","025","091400","25025091400","BOSTON",35
"1148","25","025","091500","25025091500","BOSTON",35
"1149","25","025","091700","25025091700","BOSTON",35
"1150","25","025","091900","25025091900","BOSTON",35
"1151","25","025","092000","25025092000","BOSTON",35
"1152","25","025","092100","25025092100","BOSTON",35
"1153","25","025","092300","25025092300","BOSTON",35
"1154","25","025","100100","25025100100","BOSTON",35
"1155","25","025","100200","25025100200","BOSTON",35
"1156","25","025","100400","25025100400","BOSTON",35
"1157","25","025","100500","25025100500","BOSTON",35
"1158","25","025","100602","25025100602","BOSTON",35
"1159","25","025","100700","25025100700","BOSTON",35
"1160","25","025","100800","25025100800","BOSTON",35
"1161","25","025","101001","25025101001","BOSTON",35
"1162","25","025","101002","25025101002","BOSTON",35
"1163","25","025","101102","25025101102","BOSTON",35
"1164","25","025","130401","25025130401","BOSTON",35
"1165","25","025","110100","25025110100","BOSTON",35
"1166","25","025","110300","25025110300","BOSTON",35
"1167","25","025","110402","25025110402","BOSTON",35
"1168","25","025","110501","25025110501","BOSTON",35
"1169","25","025","110601","25025110601","BOSTON",35
"1170","25","025","110602","25025110602","BOSTON",35
"1171","25","025","120101","25025120101","BOSTON",35
"1172","25","025","120200","25025120200","BOSTON",35
"1173","25","025","120300","25025120300","BOSTON",35
"1174","25","025","120400","25025120400","BOSTON",35
"1175","25","025","120700","25025120700","BOSTON",35
"1176","25","025","130100","25025130100","BOSTON",35
"1177","25","025","130300","25025130300","BOSTON",35
"1178","25","025","130402","25025130402","BOSTON",35
"1179","25","025","140103","25025140103","BOSTON",35
"1180","25","025","140104","25025140104","BOSTON",35
"1181","25","025","140202","25025140202","BOSTON",35
"1182","25","025","140300","25025140300","BOSTON",35
"1183","25","025","140400","25025140400","BOSTON",35
"1184","25","025","150100","25025150100","BOSTON",35
"1185","25","025","160300","25025160300","CHELSEA",57
"1186","25","025","160400","25025160400","CHELSEA",57
"1187","25","025","160500","25025160500","CHELSEA",57
"1188","25","025","170100","25025170100","REVERE",248
"1189","25","027","732400","25027732400","WORCESTER",348
"1190","25","025","170200","25025170200","REVERE",248
"1191","25","025","170300","25025170300","REVERE",248
"1192","25","025","170400","25025170400","REVERE",248
"1193","25","025","170600","25025170600","REVERE",248
"1194","25","025","170800","25025170800","REVERE",248
"1195","25","025","180100","25025180100","WINTHROP",346
"1196","25","025","180200","25025180200","WINTHROP",346
"1197","25","025","180400","25025180400","WINTHROP",346
"1198","25","025","180500","25025180500","WINTHROP",346
"1199","25","027","700100","25027700100","ASHBURNHAM",11
"1200","25","027","709500","25027709500","LEOMINSTER",153
"1201","25","027","701100","25027701100","WINCHENDON",343
"1202","25","027","703100","25027703100","ATHOL",15
"1203","25","027","709702","25027709702","LEOMINSTER",153
"1204","25","027","710400","25027710400","FITCHBURG",97
"1205","25","027","710700","25027710700","FITCHBURG",97
"1206","25","027","712102","25027712102","LUNENBURG",162
"1207","25","027","716200","25027716200","CLINTON",64
"1208","25","027","718100","25027718100","BOYLSTON",39
"1209","25","027","725100","25027725100","NORTH BROOKFIELD",212
"1210","25","027","704200","25027704200","PETERSHAM",234
"1211","25","027","706100","25027706100","HUBBARDSTON",140
"1212","25","027","709100","25027709100","LEOMINSTER",153
"1213","25","027","727100","25027727100","PAXTON",228
"1214","25","027","729200","25027729200","WEST BOYLSTON",321
"1215","25","027","730200","25027730200","WORCESTER",348
"1216","25","027","730300","25027730300","WORCESTER",348
"1217","25","027","730401","25027730401","WORCESTER",348
"1218","25","027","730402","25027730402","WORCESTER",348
"1219","25","027","730801","25027730801","WORCESTER",348
"1220","25","027","731101","25027731101","WORCESTER",348
"1221","25","027","731202","25027731202","WORCESTER",348
"1222","25","027","731300","25027731300","WORCESTER",348
"1223","25","027","731600","25027731600","WORCESTER",348
"1224","25","027","731900","25027731900","WORCESTER",348
"1225","25","027","732201","25027732201","WORCESTER",348
"1226","25","027","732500","25027732500","WORCESTER",348
"1227","25","027","732902","25027732902","WORCESTER",348
"1228","25","027","733000","25027733000","WORCESTER",348
"1229","25","027","702200","25027702200","ROYALSTON",255
"1230","25","027","703200","25027703200","ATHOL",15
"1231","25","027","703300","25027703300","ATHOL",15
"1232","25","027","705100","25027705100","TEMPLETON",294
"1233","25","027","707100","25027707100","GARDNER",103
"1234","25","027","707200","25027707200","GARDNER",103
"1235","25","027","707300","25027707300","GARDNER",103
"1236","25","027","707400","25027707400","GARDNER",103
"1237","25","027","707500","25027707500","GARDNER",103
"1238","25","027","708100","25027708100","WESTMINSTER",332
"1239","25","027","709201","25027709201","LEOMINSTER",153
"1240","25","027","709202","25027709202","LEOMINSTER",153
"1241","25","027","709400","25027709400","LEOMINSTER",153
"1242","25","027","709600","25027709600","LEOMINSTER",153
"1243","25","027","709701","25027709701","LEOMINSTER",153
"1244","25","027","710100","25027710100","FITCHBURG",97
"1245","25","027","710200","25027710200","FITCHBURG",97
"1246","25","027","710300","25027710300","FITCHBURG",97
"1247","25","027","710500","25027710500","FITCHBURG",97
"1248","25","027","710600","25027710600","FITCHBURG",97
"1249","25","027","710800","25027710800","FITCHBURG",97
"1250","25","027","711000","25027711000","FITCHBURG",97
"1251","25","027","711100","25027711100","FITCHBURG",97
"1252","25","027","712101","25027712101","LUNENBURG",162
"1253","25","027","713100","25027713100","LANCASTER",147
"1254","25","027","714100","25027714100","HARVARD",125
"1255","25","027","714200","25027714200","HARVARD",125
"1256","25","027","715100","25027715100","BOLTON",34
"1257","25","027","716100","25027716100","CLINTON",64
"1258","25","027","716300","25027716300","CLINTON",64
"1259","25","027","717100","25027717100","BERLIN",28
"1260","25","027","719100","25027719100","STERLING",282
"1261","25","027","730500","25027730500","WORCESTER",348
"1262","25","027","720100","25027720100","PRINCETON",241
"1263","25","027","721100","25027721100","RUTLAND",257
"1264","25","027","722100","25027722100","BARRE",21
"1265","25","027","723100","25027723100","HARDWICK",124
"1266","25","027","724100","25027724100","WEST BROOKFIELD",323
"1267","25","027","730600","25027730600","WORCESTER",348
"1268","25","027","726100","25027726100","SPENCER",280
"1269","25","027","726200","25027726200","SPENCER",280
"1270","25","027","728100","25027728100","HOLDEN",134
"1271","25","027","728200","25027728200","HOLDEN",134
"1272","25","027","728300","25027728300","HOLDEN",134
"1273","25","027","728400","25027728400","HOLDEN",134
"1274","25","027","729100","25027729100","WEST BOYLSTON",321
"1275","25","027","730100","25027730100","WORCESTER",348
"1276","25","027","730700","25027730700","WORCESTER",348
"1277","25","027","730802","25027730802","WORCESTER",348
"1278","25","027","730901","25027730901","WORCESTER",348
"1279","25","027","730902","25027730902","WORCESTER",348
"1280","25","027","731000","25027731000","WORCESTER",348
"1281","25","027","731102","25027731102","WORCESTER",348
"1282","25","027","731201","25027731201","WORCESTER",348
"1283","25","027","731400","25027731400","WORCESTER",348
"1284","25","027","731500","25027731500","WORCESTER",348
"1285","25","027","731700","25027731700","WORCESTER",348
"1286","25","027","731800","25027731800","WORCESTER",348
"1287","25","027","732001","25027732001","WORCESTER",348
"1288","25","027","732002","25027732002","WORCESTER",348
"1289","25","027","732100","25027732100","WORCESTER",348
"1290","25","027","732202","25027732202","WORCESTER",348
"1291","25","027","732203","25027732203","WORCESTER",348
"1292","25","027","732300","25027732300","WORCESTER",348
"1293","25","027","732600","25027732600","WORCESTER",348
"1294","25","027","732700","25027732700","WORCESTER",348
"1295","25","027","732800","25027732800","WORCESTER",348
"1296","25","027","732901","25027732901","WORCESTER",348
"1297","25","027","733101","25027733101","WORCESTER",348
"1298","25","027","733102","25027733102","WORCESTER",348
"1299","25","027","735100","25027735100","LEICESTER",151
"1300","25","027","735200","25027735200","LEICESTER",151
"1301","25","027","736100","25027736100","AUBURN",17
"1302","25","027","736200","25027736200","AUBURN",17
"1303","25","027","736300","25027736300","AUBURN",17
"1304","25","027","736400","25027736400","AUBURN",17
"1305","25","027","736500","25027736500","AUBURN",17
"1306","25","027","737200","25027737200","MILLBURY",186
"1307","25","027","738100","25027738100","GRAFTON",110
"1308","25","027","738400","25027738400","GRAFTON",110
"1309","25","027","739400","25027739400","SHREWSBURY",271
"1310","25","027","742100","25027742100","WESTBOROUGH",328
"1311","25","027","744102","25027744102","MILFORD",185
"1312","25","027","747100","25027747100","BLACKSTONE",32
"1313","25","027","750300","25027750300","NORTHBRIDGE",216
"1314","25","027","754300","25027754300","WEBSTER",316
"1315","25","027","757200","25027757200","SOUTHBRIDGE",278
"1316","25","027","759100","25027759100","EAST BROOKFIELD",84
"1317","25","027","737100","25027737100","MILLBURY",186
"1318","25","027","737300","25027737300","MILLBURY",186
"1319","25","027","738200","25027738200","GRAFTON",110
"1320","25","027","738300","25027738300","GRAFTON",110
"1321","25","027","739100","25027739100","SHREWSBURY",271
"1322","25","027","739200","25027739200","SHREWSBURY",271
"1323","25","027","739300","25027739300","SHREWSBURY",271
"1324","25","027","739500","25027739500","SHREWSBURY",271
"1325","25","027","740101","25027740101","NORTHBOROUGH",215
"1326","25","027","745100","25027745100","HOPEDALE",138
"1327","25","027","740102","25027740102","NORTHBOROUGH",215
"1328","25","027","740200","25027740200","NORTHBOROUGH",215
"1329","25","027","741100","25027741100","SOUTHBOROUGH",277
"1330","25","027","742200","25027742200","WESTBOROUGH",328
"1331","25","027","742300","25027742300","WESTBOROUGH",328
"1332","25","027","742400","25027742400","WESTBOROUGH",328
"1333","25","027","743100","25027743100","UPTON",303
"1334","25","027","744101","25027744101","MILFORD",185
"1335","25","027","744200","25027744200","MILFORD",185
"1336","25","027","744300","25027744300","MILFORD",185
"1337","25","027","744400","25027744400","MILFORD",185
"1338","25","027","746100","25027746100","MENDON",179
"1339","25","027","748100","25027748100","MILLVILLE",188
"1340","25","027","749100","25027749100","UXBRIDGE",304
"1341","25","027","749200","25027749200","UXBRIDGE",304
"1342","25","027","750100","25027750100","NORTHBRIDGE",216
"1343","25","027","757100","25027757100","SOUTHBRIDGE",278
"1344","25","027","750200","25027750200","NORTHBRIDGE",216
"1345","25","027","751100","25027751100","SUTTON",290
"1346","25","027","752100","25027752100","DOUGLAS",77
"1347","25","027","753100","25027753100","OXFORD",226
"1348","25","027","753200","25027753200","OXFORD",226
"1349","25","027","754100","25027754100","WEBSTER",316
"1350","25","027","754200","25027754200","WEBSTER",316
"1351","25","027","754400","25027754400","WEBSTER",316
"1352","25","027","757300","25027757300","SOUTHBRIDGE",278
"1353","25","027","755100","25027755100","DUDLEY",80
"1354","25","027","755200","25027755200","DUDLEY",80
"1355","25","027","756101","25027756101","CHARLTON",54
"1356","25","027","756102","25027756102","CHARLTON",54
"1357","25","027","757400","25027757400","SOUTHBRIDGE",278
"1358","25","027","757500","25027757500","SOUTHBRIDGE",278
"1359","25","027","758100","25027758100","STURBRIDGE",287
"1360","25","027","760100","25027760100","BROOKFIELD",45
"1361","25","027","761100","25027761100","WARREN",311
